<application>
  <component name="GitRememberedInputs">
    <option name="visitedUrls">
      <list>
        <UrlAndUserName>
          <option name="url" value="http://gitlab.koreataxfree.com" />
          <option name="userName" value="rhs@ktis.co.kr" />
        </UrlAndUserName>
        <UrlAndUserName>
          <option name="url" value="https://gitlab.ktis.co.kr/kt114/moisdb-filter-batch.git" />
          <option name="userName" value="" />
        </UrlAndUserName>
        <UrlAndUserName>
          <option name="url" value="http://gitlab.ktis.co.kr" />
          <option name="userName" value="rhs" />
        </UrlAndUserName>
        <UrlAndUserName>
          <option name="url" value="https://gitlab.ktis.co.kr/kt114/ndms-db.git" />
          <option name="userName" value="" />
        </UrlAndUserName>
      </list>
    </option>
    <option name="cloneParentDir" value="D:\intellij-workspace" />
  </component>
  <component name="Vcs.Log.App.Settings">
    <option name="COLUMN_ORDER">
      <list>
        <option value="0" />
        <option value="1" />
        <option value="2" />
        <option value="3" />
      </list>
    </option>
  </component>
</application>